date,city,no2_trop_mean,aai_mean,cloud_frac_mean,temperature_celsius,pressure_hpa,u_wind_10m,v_wind_10m
2019-01-01,Almetyevsk,,0.0,0.8756845896677516,-14.471187093192441,1002.268750091189,0.9493130386283858,2.5781132783297447
2019-01-02,Almetyevsk,,-0.9965723264758555,0.6230443591781021,-6.622771374925662,1000.2328277867595,0.6526041139287007,3.8977289237733115
2019-01-03,Almetyevsk,,-1.9086758246138382,0.7421289372774944,-8.03715609655643,1002.9129846474913,0.08603222632279131,3.4360040749465983
2019-01-04,Almetyevsk,,0.0,0.9645825736697293,-10.152386334811979,998.5435288064658,-0.14105711733136647,3.7528139920274177
2019-01-05,Almetyevsk,,0.0,0.962940863449928,-8.71792410923723,988.1753365299,-1.2006933041152748,4.0943326232123125
2019-01-06,Almetyevsk,4.599624172097026e-05,-0.710835217820099,0.4115017946546662,-8.631216740472269,988.0079032345479,2.7841270016863544,1.687064593518619
2019-01-07,Almetyevsk,2.434906391097771e-05,-0.7711604574823152,0.44426216162017074,-15.605238682690583,993.3625328490317,2.127751690397339,-0.30915404805756674
2019-01-08,Almetyevsk,,-1.5607686972425476,0.4986659423520196,-15.354326133050222,988.9269886390845,2.9899180044714804,1.6983865544935624
2019-01-09,Almetyevsk,,0.0,0.878756123778752,-14.073399432981887,993.9915827172713,2.2707556449767017,1.6129031208621782
2019-01-10,Almetyevsk,3.305860579285066e-05,-0.7348865801608884,0.3487208497442566,-11.42894899855736,999.7155298734222,2.1970208230183244,1.447528734441428
2019-01-11,Almetyevsk,,-0.6885557788299786,0.7905118420720896,-12.014660011524882,995.0227702741824,0.7174534754055999,3.3393424755254077
2019-01-12,Almetyevsk,,0.0,0.9898684564886201,-5.030418729149574,976.7497361553338,0.1064661022621582,4.17052833989326
2019-01-13,Almetyevsk,,-1.0183282151133155,0.8701093564958409,-7.089130230869671,975.599279947776,2.6427129664903104,2.962429860208715
2019-01-14,Almetyevsk,1.4805404729011205e-05,-0.7363674410902292,0.40220510173008905,-11.226228424694796,982.2249389289525,0.8915762890117618,2.634124444886563
2019-01-15,Almetyevsk,,0.0,0.9556842898396043,-7.209802091390429,984.6029980501485,0.4734616363858581,4.706465892063808
2019-01-16,Almetyevsk,,0.0,0.9518488456832201,-4.0984870116760135,981.261958563363,-0.7324494933029395,6.228938369557344
2019-01-17,Almetyevsk,,0.0,0.8671410859716177,-6.613812688001758,983.2968612884698,2.3878191779104276,2.1967936083199913
2019-01-18,Almetyevsk,,-1.302602547344142,0.8521302671128538,-7.970382912793809,985.4881265908947,2.0570208505613055,4.4186957275902286
2019-01-19,Almetyevsk,1.4515037946694065e-05,-2.540956179940953,0.825437781177833,-4.1707833350060355,983.7844899342,1.4004132813753842,3.388788816361788
2019-01-20,Almetyevsk,1.9958477702081648e-05,-0.9290687093000115,0.35012061618200513,-8.235739017463288,988.0925240579584,2.616871571532841,-0.24718938056281975
2019-01-21,Almetyevsk,3.367238304017856e-05,-0.7694331253762922,0.5743249821799271,-10.300804377718748,987.8167658460044,1.8999063954615691,4.645426013429396
2019-01-22,Almetyevsk,5.4741341004876405e-05,-0.6319070327442345,0.49769286345426095,-12.38842851991069,985.5683405124685,2.378397653718586,0.7931581946138119
2019-01-23,Almetyevsk,4.3646103605827905e-05,-0.8476900079521354,0.43352410413114795,-18.88246112201125,996.7969628293648,2.3320037130194544,1.0573554403199745
2019-01-24,Almetyevsk,,-1.0242695206651145,0.6715247872473928,-17.618227551882256,999.1413310339246,-0.40651314346942047,3.427766758278002
2019-01-25,Almetyevsk,4.4032823589006985e-05,-0.8566695373185697,0.23096147966488945,-15.54857288540154,991.5599385475961,3.413638933930071,0.44598144349059526
2019-01-26,Almetyevsk,3.327253412699847e-05,-1.0467018324324036,0.20443964464413994,-19.686175414610858,1005.5108116034967,0.7864182066747308,0.37648980386788167
2019-01-27,Almetyevsk,2.7317909544152562e-05,-0.6963423811952698,0.4633129938634956,-16.214010274779525,1003.3931723599846,-2.744983433158679,3.205694197957637
2019-01-28,Almetyevsk,1.4034363689974753e-05,-0.8547331800335405,0.3507220931489641,-14.273210363173803,999.4442535647358,-1.5751580608842677,3.059183302683967
2019-01-29,Almetyevsk,,-1.9406678163682356,0.10424305736015979,-12.836737374282563,994.2267434257046,-1.251782415356495,-0.42878297613662975
2019-01-30,Almetyevsk,3.559346928805147e-05,-0.6868660543437483,0.6234631875608363,-17.158190788620175,997.442003923038,-0.2975557207381914,-1.2495935138075744
2019-01-31,Almetyevsk,,-0.6224253066687774,0.7652338003162451,-14.864830352161334,1001.1697951351168,0.48338661876919226,2.429985360681842
2019-02-01,Almetyevsk,2.0653608016870667e-05,-0.6872188623290023,0.2938136809572512,-9.664371002347707,1000.6186627390456,1.1391402022030162,2.749822432263134
2019-02-02,Almetyevsk,2.458117904932563e-05,-0.8245297772990386,0.27535465122573066,-10.704900610109576,999.8643831485425,0.9817806365920034,1.6828375856566866
2019-02-03,Almetyevsk,,-0.774541744867995,0.5886978457162702,-9.142091258675123,1001.0150614669004,0.9527723624184176,1.1207408901261728
2019-02-04,Almetyevsk,7.42342970518435e-05,-2.039181193533382,0.23445498813204843,-14.487333590147614,1004.2147026551199,-1.9249256919331463,-1.5713079432238282
2019-02-05,Almetyevsk,,0.0,1.0,-16.961323613891693,1008.0541822997097,-2.0123683471124365,2.995070020232182
2019-02-06,Almetyevsk,,0.0,0.8226757558395793,-14.230801008031108,1006.4194568721608,-0.972511994195374,2.4497590616437455
2019-02-07,Almetyevsk,,0.0,0.9997452493094733,-10.246253478971767,994.2054175743466,-1.2767028207952007,4.453326200197889
2019-02-08,Almetyevsk,1.6378704136308252e-05,-0.9153236353418033,0.6766695252343795,-9.425403793770442,995.3614409368379,2.9189744881844266,-0.46139012390367434
2019-02-09,Almetyevsk,7.736766770310235e-06,-1.9823096023227857,0.7334529835562676,-6.952766144050031,998.4937732323486,2.3730077592370855,2.120039238313466
2019-02-10,Almetyevsk,2.259021318903133e-05,-0.99231761043212,0.667101988455394,-8.11629851822164,998.8980330519382,2.3172896256912883,1.9908424661127897
2019-02-11,Almetyevsk,3.0114540778718155e-05,-0.9792537778014793,0.31434823644050464,-11.559577742747706,1001.164011400571,1.4987831797081697,2.640113176151191
2019-02-12,Almetyevsk,1.350555728848572e-05,-0.8687793030278084,0.6632144721582751,-12.60084252759583,1004.0074479875134,0.7942833845879,2.9983076206005057
2019-02-13,Almetyevsk,,0.0,0.9268595561884396,-10.922270191128518,1001.0426833146188,0.6576189023692712,4.614952564171
2019-02-14,Almetyevsk,,-2.1591413395795978,0.7171098106465639,-7.4412911739933065,994.075438761259,1.5999610534442923,3.3064701901606504
2019-02-15,Almetyevsk,,0.0,0.956120400283565,-6.096937698950967,986.2930765102087,2.552386524496548,2.510882459814588
2019-02-16,Almetyevsk,,0.0,0.9734557019710341,-1.710760027489016,975.2997891217962,2.6801649283696056,0.35098967999498193
2019-02-17,Almetyevsk,,0.0,0.9320894310812544,-2.770610590999013,968.9930599470395,1.9073608769074895,2.7585614276949557
2019-02-18,Almetyevsk,,0.0,0.9809116461899366,-3.646543778419982,963.9733715898642,0.9034076095717695,-4.827396081472696
2019-02-19,Almetyevsk,3.6186968136525424e-05,-0.9419981241101018,0.5474159112529113,-12.305027682711625,983.2351622401726,0.9921935727722669,-3.418105695768604
2019-02-20,Almetyevsk,,-1.4144109732625245,0.6387175122335884,-9.339638619518098,982.8698408099781,1.2372836619108933,3.6103265375685254
2019-02-21,Almetyevsk,,0.0,0.9913979200310571,-3.6986094725917837,979.3735645807895,1.166766199613276,4.753984327089772
2019-02-22,Almetyevsk,3.856492421966618e-05,-1.2864408784247052,0.8599578016069843,-2.403582811695685,979.6451237381331,0.5792179399024638,3.2126123157262465
2019-02-23,Almetyevsk,,0.0,0.8467307052442031,-8.862286215052734,993.5145151729372,3.1752070219747477,0.6651024711101794
2019-02-24,Almetyevsk,7.5687810101292214e-06,-0.9829904075099994,0.7754869825078015,-12.157258147016876,995.3227891224507,2.5850773371882028,1.7160146774268605
2019-02-25,Almetyevsk,1.8980065893033225e-05,-1.579394966603417,0.49669827815543804,-10.929496851411614,985.2839996294927,0.6370210789608919,2.9108977000649308
2019-02-26,Almetyevsk,,0.0,0.7876258251081285,-7.71711208261479,979.2592550906295,-0.15004586265820424,3.1007016903366655
2019-02-27,Almetyevsk,,0.0,0.8993175167023694,-6.153357822009127,980.7553359687378,1.3179295980250452,2.1714018193468565
2019-02-28,Almetyevsk,,0.0,0.9815472217495904,-4.448608992717709,969.3536418603051,1.5322156768303432,4.581262110630592
2019-03-01,Almetyevsk,,0.0,0.9152861715775036,-1.8963969913974665,965.0799701859205,0.2561520922316997,4.4235472264819835
2019-03-02,Almetyevsk,1.545242624957087e-05,-1.8723513739269924,0.7245429036160196,-1.0242232560848379,963.543504125384,0.07506757914400625,1.7183785750960359
2019-03-03,Almetyevsk,1.2636144786615144e-05,-0.9688516446498507,0.4546976672142511,-9.190292808095364,971.8184176804533,2.8133200563382292,-0.81131287818838
2019-03-04,Almetyevsk,,0.0,0.9101440492486215,-7.208409080784747,973.5595580995068,2.5071304217669512,1.3734335702069451
2019-03-05,Almetyevsk,2.2757534097761727e-05,-1.0705374882474796,0.8495956212231086,-4.529526516523845,979.822037334635,0.4680501658107132,4.127514652106883
2019-03-06,Almetyevsk,,0.0,0.9481489012989835,1.3660082967917333,973.7800576273822,3.6311861045606153,4.9042417568727315
2019-03-07,Almetyevsk,1.6139660562763355e-05,-0.8876697138987658,0.7651223212727081,-7.725244222661956,995.6164299499839,3.8356024074422,-0.3574122444957585
2019-03-08,Almetyevsk,,-1.1269046192349053,0.7840211469165678,-7.117900850178842,1002.4861519294257,2.4968359301968546,4.42083760442242
2019-03-09,Almetyevsk,,0.0,0.9981931856679559,-2.8959781957997848,990.0274896694715,2.0724445726601712,5.805259370583488
2019-03-10,Almetyevsk,2.1794485487187244e-05,-0.6364425019400811,0.3123433436537656,0.9464328967902702,985.0212854668534,0.8917936539619139,2.7474733909382167
2019-03-11,Almetyevsk,,0.0,0.9996439432341602,1.8081186809411633,975.5804490604557,-0.6124643009695259,4.332391811137581
2019-03-12,Almetyevsk,,0.0,0.9829445688018531,0.1661253557177247,975.4708497410144,3.1800306253789894,2.9013658916048866
2019-03-13,Almetyevsk,,0.0,0.8309845338494554,-2.832074678382014,987.1128297454492,1.1462366105107828,1.3467934341806962
2019-03-14,Almetyevsk,3.293916627687185e-05,-0.6671435009073716,0.18232829039068585,-5.9312296184139655,987.8334828510236,0.9012356688908588,-1.6799466997557702
2019-03-15,Almetyevsk,1.889060976897725e-05,-0.7490830342582191,0.3527683107195777,-5.4873748626036445,996.9046911594787,2.4985227906794716,-0.08419028610263654
2019-03-16,Almetyevsk,1.2280231045407554e-05,-0.49390875562513104,0.39476896787558174,-4.8570463756226445,996.9237909227528,-1.1618445301937292,2.397304058394624
2019-03-17,Almetyevsk,1.6067400932771863e-05,-0.7693736217564402,0.6693312878995191,-1.5379029082594116,996.6851724706265,-1.6863163702961628,1.798000846244546
2019-03-18,Almetyevsk,3.5666888341673585e-05,-0.637147308976852,0.16156454699494702,-0.6755707593414968,1001.1276271072109,-1.6934624725686673,-0.23000749121770397
2019-03-19,Almetyevsk,4.337107340365859e-05,-0.6093023506161412,0.08612853544476867,-0.8156294583714612,1002.279488426778,0.4534320194693936,0.5802838620466846
2019-03-20,Almetyevsk,3.575858375159637e-05,-0.6173136434795341,0.07758859912111812,0.11470373974145787,998.4853755077582,1.6664148324386363,1.937573091072614
2019-03-21,Almetyevsk,,-1.1283051676158153,0.8016724659205473,0.5010126871698617,993.5793117420565,0.2673747787837272,-0.215797287553673
2019-03-22,Almetyevsk,,0.0,0.959722747224716,0.7433912489211139,989.6177144408823,-0.2835353537491328,0.0968412545793319
2019-03-23,Almetyevsk,,0.0,0.9469734040248592,0.37182805277313946,992.6161461342566,-1.7033686299710609,-0.31092876221880983
2019-03-24,Almetyevsk,1.2508975031562596e-05,-1.0905038486802616,0.12767129092137794,0.40014769816235685,991.6850533531967,-0.37993778767088204,1.544667269576985
2019-03-25,Almetyevsk,,0.0,0.9847292985015709,0.539684799037957,973.0332362038743,1.0884139249820635,4.433152670639489
2019-03-26,Almetyevsk,,0.0,0.7176130876672784,0.7243836367683798,987.157349124765,2.6487417822510255,3.616916840585525
2019-03-27,Almetyevsk,1.897856782306917e-05,-0.56378963644984,0.745326332190241,1.699513445492812,991.2497769932105,0.800088086735841,3.655384261432419
2019-03-28,Almetyevsk,,0.0,0.7025693872638477,1.2407486191713701,986.7552851683619,-0.6675102245029589,1.5538773386207727
2019-03-29,Almetyevsk,3.403797745704651e-05,-1.5268309116363525,0.946415591493447,-0.4171223196416918,984.1595368868741,3.205931330368801,0.8179162632875022
2019-03-30,Almetyevsk,1.6581224796375544e-05,-0.815638784672442,0.7714658326876536,-0.7785543254078675,986.1466517203455,4.319591261580982,4.038490998210083
2019-03-31,Almetyevsk,1.5227292130689376e-05,-0.769602120864817,0.704525328910525,2.0995853239757594,986.6220059955973,3.4434059603212095,3.2180421994357298
2019-04-01,Almetyevsk,2.448234836715226e-05,-0.2923534535187308,0.3137414457247722,2.841677889837399,987.1997869856388,2.2387047285253403,2.0241893156902693
2019-04-02,Almetyevsk,,0.0,0.848122980368784,1.8440087381853232,995.1490637520932,-2.7225632068612295,-2.53402428575524
2019-04-03,Almetyevsk,,0.0,0.9167278912902719,1.3067166218690431,991.7608099211787,-4.522459342608374,-4.3295228013086735
2019-04-04,Almetyevsk,1.972600972020996e-05,-0.5681509024564522,0.00020500569972809856,2.184336563915565,995.2111831232628,-3.226057760823831,-1.6400437860352348
2019-04-05,Almetyevsk,2.2399051374565955e-05,-0.9421777997448998,0.5937319786243502,2.0304075897331018,1000.8924334912911,-1.132912160176253,1.4247841938573018
2019-04-06,Almetyevsk,2.0767415891921517e-05,-0.5242015876855137,0.3868266984200595,2.7018675457202903,1006.0339201866966,-1.3008361555736185,1.6135269448668463
2019-04-07,Almetyevsk,,-0.8334798408401634,0.7592707579940199,3.7208939438367565,1000.7912129775584,-1.0067236358302085,3.0968248832501515
2019-04-08,Almetyevsk,2.4300707925163634e-05,-0.6040950562451424,0.31928929573993176,2.9633589137876015,997.7434464638645,-0.05521471269890045,-0.7066697964396323
2019-04-09,Almetyevsk,2.7789368340285476e-05,-0.595073829183093,0.24744607115951645,2.850459821723234,996.7815469894771,-1.4738117020368657,0.48615836057090756
2019-04-10,Almetyevsk,2.553664793243075e-05,-0.7642340259026603,0.0,3.849663340407801,997.242052023289,-0.6481330340743061,1.8332366150742905
2019-04-11,Almetyevsk,2.108777771669308e-05,-0.9184237249346809,0.0,7.656161017742875,996.4837327356117,0.4224026029733202,2.95404030569085
2019-04-12,Almetyevsk,2.7160401492531442e-05,-0.9546525117668023,0.12329365210896766,8.92045752900674,993.084685728598,0.36093025342695323,1.4450329610661277
2019-04-13,Almetyevsk,3.062907308890915e-05,-0.9438130253911761,0.15716845388962297,5.4438544198254135,992.0757991760922,-3.0150543208871885,-2.902317604907644
2019-04-14,Almetyevsk,1.9968374022850254e-05,-0.9970038015911639,0.05621054572014454,3.6787058339199348,994.9131394546025,-3.145327011139088,-3.5029095108182653
2019-04-15,Almetyevsk,3.791198540429581e-05,-0.8549126070951026,0.037313329135200045,2.624291576978635,996.9110718340443,0.7433157141156245,-1.4434998705601412
2019-04-16,Almetyevsk,,0.0,0.9383520014920205,2.665685541107109,993.5816102684638,1.8657967180594492,-3.2134416421265892
2019-04-17,Almetyevsk,2.6012215771935934e-05,-1.012355317543058,0.032440265272649205,-2.133698667217459,1004.8275167878685,-1.248285397883662,-3.1955221524407778
2019-04-18,Almetyevsk,6.091613294469115e-05,-1.1790116506938837,0.13654193764353129,0.40646550951635163,1005.0314660245286,-0.4434138429876729,-0.6936830601940859
2019-04-19,Almetyevsk,4.445455983735079e-05,-0.9954902358576564,0.02663890862937282,2.2187120221250325,1001.083376150476,0.5910989361944621,-1.834130023406371
2019-04-20,Almetyevsk,4.812144948823088e-05,-1.1772587669169225,0.3142427859275808,3.320496231697973,1000.3091540105892,-0.14253412473306212,-1.4062054012947791
2019-04-21,Almetyevsk,3.8728172461780404e-05,-1.1628880522934844,0.10222875693752596,4.572177213951875,1000.7957256540254,-0.6000620004392437,-1.063692118543515
2019-04-22,Almetyevsk,4.5320933721805115e-05,-1.1981048101042284,0.05050767730870421,7.189187682077488,998.3666354057236,1.6751940849211768,-0.6909538711766507
2019-04-23,Almetyevsk,,-1.3606749154627946,0.6800023015402938,6.203667865452417,995.2089793310873,1.4294612065977288,-2.291757786233426
2019-04-24,Almetyevsk,,-1.1495816096506803,0.5691583181598744,8.54750847807577,993.1426832991867,2.42437827502072,-1.2521963739899766
2019-04-25,Almetyevsk,2.8492466357844348e-05,-1.6725704416366316,0.2707666330545308,8.487213768301729,992.8892239007675,-0.13647354020758654,-2.197918455296936
2019-04-26,Almetyevsk,6.1018314902001946e-05,-1.082929449356179,0.10050372636387045,6.717513679176022,993.0268006862266,1.3255184379818394,-2.0275029479181472
2019-04-27,Almetyevsk,2.9008830829205233e-05,-0.7998544003713638,0.00985801620875292,9.87474041713051,986.9912805583209,2.631739300968649,1.2554316338078018
2019-04-28,Almetyevsk,,-0.9770423643262468,0.7668347037796805,4.94126364232045,980.7300398336305,1.0613598320519895,-2.124404794296554
2019-04-29,Almetyevsk,2.271068935926658e-05,-1.4732768067318798,0.5146543527068862,0.6641476375837669,991.5662395974558,0.36630497472882073,-3.3272085362956236
2019-04-30,Almetyevsk,2.0159322955948122e-05,-1.4548460364369715,0.3125900748412555,2.2126553358682486,995.0472928738668,2.1601326128694742,-0.4238412370742501
2019-05-01,Almetyevsk,3.1771789418237e-05,-1.0916056690512357,0.022872725320724433,5.165349378377186,994.2843681283354,1.5448480263664215,0.9972695247575437
2019-05-02,Almetyevsk,2.876925013539003e-05,-1.2467693548849133,0.571146137707706,8.668140952847295,988.9115849530342,0.026801522193795065,5.512550676964437
2019-05-03,Almetyevsk,,0.0,0.8646281537412822,12.153447565835847,983.5023881082343,0.31951105307500627,4.186938169877864
2019-05-04,Almetyevsk,1.2675506421230888e-05,-1.416176878735065,0.5219443724855205,12.931136655448938,988.5790738934629,1.603822922858448,2.0317879867457806
2019-05-05,Almetyevsk,3.409800462742482e-05,-1.7682921730589376,0.2714114126207576,15.008125796411889,996.6906326568245,-0.6052082032357712,2.1267839369061226
2019-05-06,Almetyevsk,1.7401600385241487e-05,-0.909907100135664,0.21265612132011852,16.62874426057857,991.2465823085579,-3.3215151263774363,0.5315778011940724
2019-05-07,Almetyevsk,,0.0,0.8698912507051089,14.856587883444718,986.7360576205076,-0.270679808071688,3.3039283000297743
2019-05-08,Almetyevsk,2.8803774723848955e-05,-1.4915348875580043,0.4026306698286921,17.132924322197653,989.9686175308843,1.2624684360151412,0.8553886153669084
2019-05-09,Almetyevsk,3.964848801884238e-05,-1.3158481232459258,0.14036417746895638,18.821727411129245,992.5643295987052,-0.7743529793928794,-1.5570419332176564
2019-05-10,Almetyevsk,2.6965866059496085e-05,-1.2377348264638584,0.12829997863037898,19.12980646415565,994.274423860158,-2.1820079356108004,-1.1225740030876712
2019-05-11,Almetyevsk,3.731855167795688e-05,-1.6554547572205651,0.04954521859368188,20.654948038726786,994.5660567436919,-1.8769430607059236,0.006538596651263323
2019-05-12,Almetyevsk,2.8428507059791066e-05,-1.1894071754628652,0.06840117995968789,22.050186487895758,995.7785044370627,-1.2055537971803834,-0.3856294749483309
2019-05-13,Almetyevsk,2.0215803045961846e-05,-1.452208068674669,0.07223502111341443,23.21552272806315,994.3142711623145,-0.052739402808626115,0.44129933213408984
2019-05-14,Almetyevsk,2.1732618762667963e-05,-1.519647434931586,0.2977145875744738,22.101591163605633,990.3602460123346,-0.4424509761696865,0.35645031167510616
2019-05-15,Almetyevsk,3.0791956014067746e-05,-1.7346702607218139,0.28828239985514525,18.66443244858465,991.317412010938,-1.544313976878049,1.742165924979542
2019-05-16,Almetyevsk,3.8296585721181294e-05,-1.896762718166823,0.4656813656282703,14.893428887377013,989.5956895626452,1.2074640981254696,1.104828080100951
2019-05-17,Almetyevsk,,-1.2434400419473481,0.5322421528041568,9.550191110542357,991.0403815009707,1.7884157265088332,-3.5057558555264636
2019-05-18,Almetyevsk,7.764275263464781e-06,-1.7358496616852157,0.7384389790424827,8.53220277378989,984.9576111713739,3.2954357095886526,-1.6802955324928495
2019-05-19,Almetyevsk,,0.0,0.8467610333739005,5.902993769208024,985.5973913330464,2.7430118282584632,-3.027965227882736
2019-05-20,Almetyevsk,,0.0,0.7992197294089415,6.782475791251329,990.0378930966857,2.4496313859657994,-2.530610591368686
2019-05-21,Almetyevsk,2.8215691903030316e-05,-1.569296290337016,0.2578419000717302,8.381445812358152,992.3613382058111,2.2051705342739285,-1.9574651867472361
2019-05-22,Almetyevsk,2.135817654961645e-05,-1.3883029141043757,0.07184061083130587,11.021913168893093,989.7788161299246,1.8105911159346413,1.2594580603577494
2019-05-23,Almetyevsk,1.965035915085796e-05,-1.5503190938801708,0.41822355801028976,15.237791780609655,980.4785079672411,2.42170142478963,2.2200274171999563
2019-05-24,Almetyevsk,,-1.1164762125606662,0.4398688259632005,7.446898033113996,985.5055953056351,0.16778267660069293,-3.7213864422607124
2019-05-25,Almetyevsk,2.0680861751730964e-05,-1.229227986840163,0.0005752378003686972,7.6363238133308755,995.055276271369,0.15331877259203902,-0.19318490983288686
2019-05-26,Almetyevsk,1.3732223732945014e-05,-1.406381132560474,0.09828805356401041,14.465638781957068,990.86555576264,-0.912666069903559,3.5591202271953373
2019-05-27,Almetyevsk,,-2.553794325996974,0.8777966019103898,17.307228917006512,986.5156879184401,1.288871860764455,3.5038976454445954
2019-05-28,Almetyevsk,2.3849080793666013e-05,-1.377400634174196,0.18288583981788298,17.010157826167983,992.6270391172601,2.039037165134647,-0.7052578753120783
2019-05-29,Almetyevsk,2.2835665633559126e-05,-1.3170575315328703,0.013347862239348968,17.990373560065166,996.3287222479577,0.27314360518625164,-1.174507018387595
2019-05-30,Almetyevsk,1.64285255766409e-05,-1.7819111257872835,0.03948347023274969,20.88406104234099,995.7150366488012,1.7046374396015587,1.328992052866696
2019-05-31,Almetyevsk,2.4181439331877465e-05,-1.3960403504734014,0.07373256006090971,21.75216733500207,992.6786750736245,1.8650098582459895,-0.6270974728588811
2019-06-01,Almetyevsk,2.667543378492897e-05,-1.5813770922206527,0.03138093228050838,21.023996043286388,988.5112303345388,1.999204411484047,0.539072853038236
2019-06-02,Almetyevsk,1.7705995512775514e-05,-1.1258943802205779,0.000927444495375393,18.167372104020274,992.6122391376774,0.5174648780130435,-1.4233910271087404
2019-06-03,Almetyevsk,,0.0,0.8044952478472986,15.683689298220202,987.8841743209189,1.6458435757306435,0.505071316523233
2019-06-04,Almetyevsk,1.0056244948005284e-05,-0.5308863122791083,0.039617553497082215,13.291183042167745,993.6289992261571,2.8052483188611075,-3.8866546307465
2019-06-05,Almetyevsk,6.5091571741504595e-06,-0.9937635429247771,0.4697119960475682,15.870828441796561,996.3927394881229,2.3681299581396646,-2.4305397111702907
2019-06-06,Almetyevsk,1.0513183173189904e-05,-1.8215375420455118,0.13804862098697615,18.74859640598868,992.7004370955424,2.399642207884774,-2.668406237258037
2019-06-07,Almetyevsk,2.5271676194202647e-05,-0.832396622316195,0.020195303832396667,15.42114595874358,995.8875186635532,0.5667948444952644,-3.202692350162798
2019-06-08,Almetyevsk,1.9452263488418695e-05,-1.2588339499976633,0.028417285719871888,15.699744565036212,997.7163701429542,-0.5461527734847896,-2.8147074108932566
2019-06-09,Almetyevsk,2.5256138261357265e-05,-1.2233357579298518,0.005529840645154788,18.26223093009179,999.5930903592243,1.3474023985473416,-1.2021354489334926
2019-06-10,Almetyevsk,2.0805337446304977e-05,-1.4576383145441971,0.02360067744391698,21.879143892998968,996.3509466036876,2.786929462876566,0.5549265257741268
2019-06-11,Almetyevsk,2.258178787467145e-05,-1.2714222993799924,0.22505992986295825,22.33451433244329,992.5913423780518,2.8763390606700843,-0.6778012505722977
2019-06-12,Almetyevsk,2.581220492505826e-05,-1.6440285415044489,0.15585625965613936,19.32859412870414,989.5489242796735,2.6972821735304806,-2.1372644063391255
2019-06-13,Almetyevsk,1.89747931771163e-05,-1.1730240326599166,0.058822384365993095,11.202736911171769,994.3627725574105,0.5843396549656868,-4.060461598806259
2019-06-14,Almetyevsk,,-1.5018524402065512,0.4451050072504545,11.799536714141595,992.2902981786737,2.49405494136086,-1.6941608840442053
2019-06-15,Almetyevsk,,-1.4296221128220008,0.4915204887894263,12.316066746455249,988.1641768873005,2.0236663353464275,-0.908948159632267
2019-06-16,Almetyevsk,2.1276640337149935e-06,-1.8201903267621435,0.44811292780649353,14.112595632686805,985.4974782184898,2.5688313677502412,-0.9978315237067027
2019-06-17,Almetyevsk,6.11509902273002e-06,-1.3519146567481715,0.20908034170130882,16.177911877925567,985.6737401186351,2.8236432835236362,-1.074019141479886
2019-06-18,Almetyevsk,2.2454475597439637e-05,-1.225996117556261,0.02550684654277763,17.07937721145032,986.6280701255864,-0.44051886287587466,-0.5763985933154867
2019-06-19,Almetyevsk,1.899032323551901e-05,-1.6869837557709393,0.3351495523522524,18.254857433556424,986.6795699732309,1.0303746325208305,0.8838166111257576
2019-06-20,Almetyevsk,1.6418256746816483e-05,-1.757883990171512,0.1623680412893624,20.881790911760277,989.0965822914891,1.848926401706866,-1.0984094403104376
2019-06-21,Almetyevsk,3.005107061004543e-05,-1.5756058629519096,0.06258548028897,21.466212801555855,993.0156813437237,0.7608597061331862,-1.8496075315573197
2019-06-22,Almetyevsk,1.9785657347904622e-05,-1.9829234924353756,0.11843195641451744,22.90078389369131,994.1566279303421,1.1993027675975552,1.4605461028905138
2019-06-23,Almetyevsk,2.689513830089442e-05,-1.058772324449875,0.19438838581902954,24.821209261784247,991.1901368017554,3.06765980221146,0.1711143579130479
2019-06-24,Almetyevsk,1.5848757480917242e-05,-1.5195157605875338,0.23613456470698097,22.292787626902452,991.5584839055414,1.4138152088657943,-1.65168615550435
2019-06-25,Almetyevsk,1.7363738638787005e-05,-1.646042368557986,0.17425280979076854,18.71246323810425,992.9966388882033,1.682752457819513,-2.8941515296125355
2019-06-26,Almetyevsk,1.3269700854082693e-05,-1.5406304160554862,0.46506151163080184,15.209737101776227,992.763404813238,1.7141325728267516,-2.184803172819677
2019-06-27,Almetyevsk,,0.0,0.9086621054593014,12.535828020636245,987.1524702726668,-0.21865488675364148,-0.14020140036446083
2019-06-28,Almetyevsk,,0.0,0.9217194424182212,16.077261873678367,979.8162500989049,-2.901653658057609,2.450003795518059
2019-06-29,Almetyevsk,2.5896832659818832e-05,-1.9684021646298715,0.35482264380482864,19.745167656056253,976.8706381861425,0.15977633643902703,3.2551693542361093
2019-06-30,Almetyevsk,,0.0,0.9931885566150556,14.893619619134881,980.9235692180935,0.4540030001703479,-0.7787989635711394
2019-07-01,Almetyevsk,,-1.3916669944009759,0.56539678604689,15.30074361088657,980.5288579631624,1.5470488385291512,-1.760374681158313
2019-07-02,Almetyevsk,1.6999872732669523e-05,-1.330982793342011,0.14011180819249647,17.71712783368133,975.7004452618555,1.8610836530116501,-2.288108742660086
2019-07-03,Almetyevsk,6.945636125880574e-06,-1.148173731239045,0.005174058553232421,18.931172379761108,977.7574123929958,3.245000801512046,-0.6216838597417913
2019-07-04,Almetyevsk,1.5315016558274715e-05,-1.283163990293893,0.1431402919736426,18.787647018830796,981.1753482731543,3.2433473309103746,1.0387523641464373
2019-07-05,Almetyevsk,1.3807772949105749e-05,-1.3637436504548284,0.4800040441271787,15.616095829873075,982.5827802249904,3.6296779102094727,0.726957326492964
2019-07-06,Almetyevsk,1.3049027624327198e-05,-1.4694959019611897,0.3204998813363028,16.675508460364654,982.9280919681229,1.3841218669335855,1.7253817660435347
2019-07-07,Almetyevsk,3.344495396266058e-06,-1.456156070583444,0.19762622903699145,16.275458467572435,978.8386869015209,2.7052642732940004,2.641239527078651
2019-07-08,Almetyevsk,1.2537836243605367e-05,-1.9113635757930343,0.13636924960312102,16.437639823862128,981.7838107144754,2.320894922144036,1.0706391396070645
2019-07-09,Almetyevsk,1.7306580674714103e-05,-1.6519022585400904,0.44012011497329023,20.230306819580903,980.5663759346156,-1.1266028617914055,3.4086021964408344
2019-07-10,Almetyevsk,8.09339067177157e-06,-1.4463554971747723,0.16434702213699903,19.64671891589734,977.059584013041,2.4008059427438275,2.488354918520975
2019-07-11,Almetyevsk,9.1677001423236e-06,-1.420860094191112,0.22560085145903072,18.59347808626734,982.0071748130586,2.0156492999200193,2.85216910861458
2019-07-12,Almetyevsk,,0.0,0.728491359665618,16.748304418980354,983.6144256706071,-1.2257438142004071,0.0909121604347768
2019-07-13,Almetyevsk,,0.0,0.947821446821367,17.66801627729552,980.1200784860142,0.7329520641692793,-2.4235693857780913
2019-07-14,Almetyevsk,8.29751823058111e-06,-2.0122172193771495,0.05336482269107805,18.55933904265595,983.9131886421052,0.5796903731899119,-1.9284127906199615
2019-07-15,Almetyevsk,,0.0,,14.889403305378892,979.9882352807626,3.176288848680674,-2.5954328413776406
2019-07-16,Almetyevsk,1.2290237395948212e-05,-1.4354746190574408,0.08541281292428753,18.84976253943364,987.707094768416,2.478793619116656,-0.6828451968413034
2019-07-17,Almetyevsk,1.4125633047876258e-05,-1.7759969717746555,0.34800669631983333,19.837089659721016,988.6531020585204,-2.296238919798456,0.8194621336309982
2019-07-18,Almetyevsk,1.5408717581327975e-05,-1.3058243806514294,0.027921300270190796,21.829770310222045,983.5128691264088,-3.3183161427690075,-0.4414844113862624
2019-07-19,Almetyevsk,,-1.8361503982258551,0.6886911577435967,20.94959723767556,984.7128619463388,2.178208515127232,-0.24811750063293142
2019-07-20,Almetyevsk,1.0502269901061465e-05,-1.4317801750019201,0.14332710049965375,21.31138253723691,988.330509397783,1.999980600265082,0.32038658780567103
2019-07-21,Almetyevsk,4.8018448357647204e-06,-1.4953529981351978,0.2875329019004071,19.199155414060556,988.5242468202682,2.8611331889668525,0.5821187345825073
2019-07-22,Almetyevsk,5.517458089767507e-07,-1.680747870743312,0.36401629758050447,18.169409471667223,986.8444926829591,2.7756870779241973,0.10357716569542938
2019-07-23,Almetyevsk,9.395925141820084e-06,-1.5406256215215122,0.49019819848245155,17.270545090182736,989.0074095850805,2.5787454148518916,-1.503855684705149
2019-07-24,Almetyevsk,1.64545063600252e-05,-1.8411027592775893,0.11556020666776202,18.74069139021816,992.5167161071599,0.05259656492837091,-1.5126641709212112
2019-07-25,Almetyevsk,1.2066777554569047e-05,-1.4388815626004174,0.13972842770878174,21.188916867433477,993.6003730000646,-2.1720451006446146,-0.8525928664366154
2019-07-26,Almetyevsk,1.2169852447199387e-05,-1.7790427085542344,0.15341591361090967,21.875023151082303,990.893876885552,-2.2921047050857126,-1.2895228156628797
2019-07-27,Almetyevsk,9.301238977455813e-06,-1.5971467283958511,0.10938138382102382,21.676995280409756,980.6368787415489,-0.9402199550497689,-0.9912560631738726
2019-07-28,Almetyevsk,1.0990648141235547e-05,-1.643884062547387,0.3824810320026558,18.191743825079413,971.5606690082092,1.7788159478608665,-2.5811855454717287
2019-07-29,Almetyevsk,1.8812927464750828e-06,-1.535010328369842,0.5582735969478835,12.5517277990362,973.6751021226332,3.860642415310514,-1.2536868262392566
2019-07-30,Almetyevsk,1.3097777303934031e-05,-2.153427801986327,0.6243541705430078,12.39404391812235,977.339988783771,3.2218248734202244,1.7697713518715827
2019-07-31,Almetyevsk,,0.0,0.8425199877329523,13.15416195023738,972.9429610190558,-1.028873273355091,0.9453585304154671
2019-08-01,Almetyevsk,,0.0,0.9767265294845442,10.604575140807526,965.7190881551661,2.8874995912028436,-3.863920735780839
2019-08-02,Almetyevsk,,0.0,0.7590749804528101,12.400694967934044,971.5236747691941,5.015402975960583,-1.2775293713082236
2019-08-03,Almetyevsk,,-2.1612736304382123,0.7732897068032714,13.602718577352789,974.6403956478696,3.508590551740861,-0.04831292374303147
2019-08-04,Almetyevsk,1.0370412398243256e-05,-2.00237653862303,0.208716926533696,15.25274934686945,978.5351295615937,1.6896367385653097,2.1756433211586317
2019-08-05,Almetyevsk,,0.0,0.8690405833914416,15.802013072648776,969.9531677897857,-1.3209438313927762,3.682315987553775
2019-08-06,Almetyevsk,,0.0,0.8917121173799637,10.750987019571141,977.0061555774466,4.585611825267205,2.5805981059712155
2019-08-07,Almetyevsk,1.3231329830887262e-05,-1.9120580961051896,0.6274916332795778,12.905268307980748,985.4863973960299,3.721140270254162,1.1667312660568014
2019-08-08,Almetyevsk,1.6319229028244622e-05,-1.2771281519209474,0.4696377955643255,14.763341769826013,988.0588489705385,1.8662852834526087,0.35518341776181045
2019-08-09,Almetyevsk,,-1.6028498791461974,0.8067361405116188,17.747496569563737,984.0812752948533,0.5745223465079076,3.387369706725125
2019-08-10,Almetyevsk,1.832981539503636e-05,-1.4511618354129066,0.3081751897816228,19.82091580738785,980.7844235255651,0.7323716750964918,2.11084277715593
2019-08-11,Almetyevsk,,-1.296309270485266,0.4765196757116508,16.65603129227935,977.6290793666647,1.5626920165672205,-0.5098709550698712
2019-08-12,Almetyevsk,,0.0,0.9664098940892464,10.645058732173595,982.1702464514441,1.9260410962248422,-4.435212608184737
2019-08-13,Almetyevsk,,0.0,0.986257369871326,10.701996530091549,985.8237281392255,1.8300390071135477,-4.05794856482434
2019-08-14,Almetyevsk,,0.0,0.9257336068128854,14.93281138783209,989.4312087122582,0.4599214362977125,-1.7139092239732803
2019-08-15,Almetyevsk,2.7879589389127346e-05,-2.0602532964047153,0.0792926640789398,17.876513974614,992.6005972785878,0.3269474412417301,0.9133029490465271
2019-08-16,Almetyevsk,1.1584966666502446e-05,-1.5215980868726295,0.05010854080202501,20.677999788951183,992.0099492791215,0.31683289447015933,2.3069107524395243
2019-08-17,Almetyevsk,,-1.3044928565080076,0.5522927091388824,21.578075161545712,992.1053987997302,-0.022562790264065165,1.9025852634652973
2019-08-18,Almetyevsk,1.723416384387255e-05,-1.8136283719537454,0.598034530869494,22.38134140696377,994.1278036380797,-0.7390518090748123,1.9906363143595747
2019-08-19,Almetyevsk,2.3022558771228043e-05,-1.4774124378630378,0.5997762744534819,23.206660177154845,995.8124252176566,-0.21488902466407778,2.114434758662288
2019-08-20,Almetyevsk,2.2382496283621095e-05,-2.0248018330487207,0.14826975771112694,22.15504540977423,994.674539161218,2.0313051402132123,-0.574143318405429
2019-08-21,Almetyevsk,,-1.3517866762105941,0.6990837837583443,19.209532373387503,996.7845132020885,0.10457493965124451,-2.554015029540197
2019-08-22,Almetyevsk,2.0696766872135296e-05,-1.441730901910195,0.244366005673716,19.8164769832336,997.4817940147094,-0.15601605683549444,0.060231505320320275
2019-08-23,Almetyevsk,2.8686353693186392e-05,-1.381980535637887,0.5049423441359704,18.229077417072006,997.8054011979971,1.438106000911503,-1.188762092678242
2019-08-24,Almetyevsk,1.4556310101584698e-05,-1.3352278593910567,0.22344932604971382,16.185242347916414,998.1728222628194,0.6302746842774384,-0.6380942363206531
2019-08-25,Almetyevsk,1.2140110758018051e-05,-2.114161940377058,0.40232814777401593,15.941892398157904,992.3624508251236,3.1491539556964274,-0.9129566495939043
2019-08-26,Almetyevsk,2.352179722510063e-05,-1.2432965725336667,0.09236092892698866,12.65945095712027,997.3172585880261,2.04473655301367,-2.716860946040041
2019-08-27,Almetyevsk,,0.0,0.9372719413066395,12.051531797797395,986.7226397382702,2.5346061970398344,1.6187907518831555
2019-08-28,Almetyevsk,,0.0,0.942421658572774,9.328023281808896,985.8459403892842,1.3110607804646068,-4.295649362490653
2019-08-29,Almetyevsk,1.7668992208466807e-05,-1.5519954171430645,0.10306075021802868,9.034853745803844,990.6651165772365,1.1932185202764205,-4.688536164986986
2019-08-30,Almetyevsk,,0.0,0.855926553640826,9.799030100406014,991.5741312940415,1.2544468701276805,-3.469831471738188
2019-08-31,Almetyevsk,2.3563934379785785e-05,-2.1409769440891155,0.16855051184854167,10.356409441540563,991.1279448489331,1.1283433148157997,-3.0581899249381865
2019-09-01,Almetyevsk,2.0805543561187534e-05,-1.2533223335523789,0.3671330660440059,9.830278133963589,989.1809469324347,0.6341730478662405,-1.8488948638255478
2019-09-02,Almetyevsk,,-1.2781148962286735,0.5277534472004184,11.284146161566412,989.6510652263592,0.3627629353386664,-2.090382676502928
2019-09-03,Almetyevsk,,-1.5822328925132751,0.7952059401175097,11.695807719275308,990.343792333842,-0.007317143393528732,-2.7622832862866056
2019-09-04,Almetyevsk,,-1.168083966610249,0.5358116458845259,11.430456578114558,993.1366716804166,-1.4819604818582228,-2.0602422694402285
2019-09-05,Almetyevsk,3.034577089917995e-05,-2.132723530371094,0.132321193982242,13.274112839094357,994.9697042060324,0.7401381028039312,-1.6069659796652993
2019-09-06,Almetyevsk,1.8902837410228023e-05,-1.5075404631455827,0.3042877010836499,12.891472211363919,997.706920885998,-1.7871363856797817,-0.6669956798075786
2019-09-07,Almetyevsk,1.4161316751681432e-05,-1.5982457813468298,0.1535150271840511,12.523689849485322,1000.2752898002879,-1.4564146011638237,-1.335231427533733
2019-09-08,Almetyevsk,2.0062867920256246e-05,-1.4846115725958247,0.2814458632785704,13.701673015431425,1002.82278854422,0.21873627253340933,-1.8972330786159703
2019-09-09,Almetyevsk,2.8995502447351323e-05,-1.6811247341894513,0.18080771716584138,15.384598531322524,1002.9580562550599,0.4966430378183975,-2.1331853593028853
2019-09-10,Almetyevsk,1.7556524861015024e-05,-1.8498570069572242,0.044995612770594794,13.12752453720401,1005.4870936505342,-1.1709926781318474,-1.870762122235113
2019-09-11,Almetyevsk,2.9946007363668907e-05,-1.422882496934754,0.036826141623976995,13.903867445945082,1008.6643578426997,0.2387934349873671,0.02120708563555784
2019-09-12,Almetyevsk,3.717125112554645e-05,-1.5084586075399746,0.015356747933433536,14.301442964744979,1005.0752066917001,1.6105657466177292,0.8553932188845388
2019-09-13,Almetyevsk,2.3112340561810952e-05,-1.6258615859599752,0.05923485991319531,16.587870983537925,998.3866391054196,1.6958676799300505,1.6375262360859835
2019-09-14,Almetyevsk,2.447792901630918e-05,-1.4100789514397976,0.05341026335210006,18.187675598499652,990.290390741675,1.827783836131294,3.062483143779056
2019-09-15,Almetyevsk,,0.0,0.9061109478440021,11.668091753153305,986.67150388053,2.0692221735569905,0.6341487962338896
2019-09-16,Almetyevsk,,0.0,0.9546567698257685,9.931229292238413,980.1033480781034,2.9288038674747154,3.399575565325165
2019-09-17,Almetyevsk,1.612631748498274e-05,-1.0797397463578429,0.36651250781045347,12.375163833913518,976.2649235255184,2.704398960427398,3.0083422007554117
2019-09-18,Almetyevsk,6.968152808493341e-06,-1.280770984602533,0.35708973226009566,10.94512494290035,976.7057287041754,1.8778709647231122,1.705800392404745
2019-09-19,Almetyevsk,,0.0,0.7930936122256764,8.143603470195046,974.764739529789,1.8389895555645732,-1.1326289821708873
2019-09-20,Almetyevsk,1.7670613169834533e-05,-1.8351478534853654,0.58560537789249,7.081199111083606,987.9391274477424,1.5556669066716435,1.0912566318860404
2019-09-21,Almetyevsk,2.7531730665941723e-05,-2.052138263621377,0.4289136084262622,6.26953824657096,983.8963226887412,1.3479648573282252,-0.03911164729056192
2019-09-22,Almetyevsk,,0.0,0.8794451232377394,4.313042233140209,975.0154655034428,0.7280742527624203,1.6319871048175392
2019-09-23,Almetyevsk,,0.0,0.8790469121351989,3.0056029647427636,974.1827640906423,2.269267295253224,-1.1996149357403114
2019-09-24,Almetyevsk,2.4496323196040343e-06,-1.4231334041750667,0.6587443080972581,2.3247313766286197,988.0546345321351,2.8148412241856047,0.6471071862080703
2019-09-25,Almetyevsk,1.1505950327160716e-05,-1.557640698069761,0.6328948198781374,3.3409586336274515,992.2063515263985,2.631678144154189,0.9566393019635518
2019-09-26,Almetyevsk,1.8371841134378072e-05,-2.449103993553079,0.5581454218809502,3.4919360664038095,991.1879282909078,2.4338191713357697,1.1842435623718879
2019-09-27,Almetyevsk,,-1.284055132704068,0.6489970801772412,4.672661062495536,987.4210274585078,3.079580202519605,0.43349185200228013
2019-09-28,Almetyevsk,,-1.622700883495101,0.5978445458042294,3.488852088437568,989.8984174440634,2.1128642145418173,-1.8198815877196808
2019-09-29,Almetyevsk,,0.0,0.775713728643783,4.164766823157947,995.2129665521147,1.1570867538360816,0.7882599280105781
2019-09-30,Almetyevsk,2.369213705793402e-05,-1.4504632620429732,0.22103647624020437,6.886206370505647,994.2303633127688,0.2713414532742223,4.414309868129604
2019-10-01,Almetyevsk,,0.0,0.8473640706584102,10.415779131981765,988.9819784448717,0.7039808774653199,5.678798032727149
2019-10-02,Almetyevsk,,0.0,0.9305766520121984,11.716539759636646,989.7580579352726,1.506242935567194,4.514383025195174
2019-10-03,Almetyevsk,4.268201855117377e-05,-1.2765753131609539,0.17306815511804508,12.836817847698853,993.9350816158963,2.38808628481044,3.330319574804807
2019-10-04,Almetyevsk,,-1.1192001356545715,0.5731475745306208,13.466192610859991,993.4784693782212,1.1371796640897458,4.1010162009422455
2019-10-05,Almetyevsk,3.326276437020467e-05,-1.2040254850586252,0.1638946554399421,14.042376050879284,989.3678218891787,0.9559293333292065,5.178384536351476
2019-10-06,Almetyevsk,2.2892861742176078e-05,-1.068068809504757,0.35883761673789927,13.182192367117523,988.1077175132456,-0.908596871154139,3.71723021058032
2019-10-07,Almetyevsk,2.563158694835739e-05,-1.9018403188906077,0.1334607959665966,12.168792455938387,984.418595771119,-0.8574715440645361,3.743422412497841
2019-10-08,Almetyevsk,3.917948578308331e-05,-1.0911220497934357,0.06902751320097382,5.017687722003245,995.8397705725802,1.670808474633826,1.1624319987787302
2019-10-09,Almetyevsk,,0.0,0.9674710311160859,2.75918627138293,991.8559927108778,1.6065800845871334,0.8514614994370754
2019-10-10,Almetyevsk,,0.0,0.9751983734938946,4.6166103986124085,993.7900236312412,1.3913578184515338,2.6951496051724764
2019-10-11,Almetyevsk,2.5456996517723877e-05,-0.9644768417506339,0.6284940119994794,7.9663949412484385,990.5783726043985,1.2882649709808132,4.322159241146952
2019-10-12,Almetyevsk,2.7675091554960494e-05,-1.9355533395460058,0.36234335637506127,8.239031190967637,991.6431576079657,0.3860960525039944,0.9832859286824469
2019-10-13,Almetyevsk,,0.0,0.9910197233214514,7.382942410910061,982.8277379676073,3.003963203817893,3.159003059560241
2019-10-14,Almetyevsk,2.3039688862518105e-05,-1.2187183392630307,0.5058310581545129,7.587754818763358,986.0222363594568,4.436831832748374,-0.08985788209772955
2019-10-15,Almetyevsk,,0.0,0.9649785226094273,6.555315090987392,984.8545278926134,1.688466149306255,-0.9984916841676114
2019-10-16,Almetyevsk,,0.0,0.8458491342318005,3.174005227421617,1000.0337998781998,2.2979438885677506,-2.51143934140687
2019-10-17,Almetyevsk,3.945781085979337e-05,-1.296917035589714,0.45003459930640055,4.434381840863068,998.828659944224,2.7403142253472215,3.216317892576927
2019-10-18,Almetyevsk,6.968620818518893e-05,-2.1768374473081837,0.479902791128653,7.4875712372017915,990.4437533821714,1.8690412659552145,1.3895435009412325
2019-10-19,Almetyevsk,,0.0,0.9777023219060128,2.9808209741161704,999.1198083376264,-2.6538285994012534,-1.7501650350233016
2019-10-20,Almetyevsk,,0.0,0.9752538525716026,4.146918199989841,1003.7045288253119,0.6501971457942215,2.3741789301630356
2019-10-21,Almetyevsk,,0.0,0.9318574730496083,7.384009653529972,998.3743166328193,2.740320178561985,4.312326734774882
2019-10-22,Almetyevsk,,-1.1894777658027627,0.6817888791845201,6.976035299119815,993.5719879509593,2.7218263638246176,-0.2241461329468593
2019-10-23,Almetyevsk,2.5729829419444473e-05,-1.574994984592788,0.06325433044580027,7.392964663398516,990.6055460788509,3.180230844131016,1.8214077584926052
2019-10-24,Almetyevsk,2.7241779994698837e-05,-1.1947053866534576,0.48756363296521366,7.998584838046668,994.3966787178584,1.915475998631281,0.03767318420869572
2019-10-25,Almetyevsk,,0.0,0.7507266429732643,7.467464715217602,997.4919095577704,2.105155987020985,0.6207819192772457
2019-10-26,Almetyevsk,,0.0,0.7712950927653569,9.420470764908373,991.2220486644997,3.6986457555451464,3.0510629134143223
2019-10-27,Almetyevsk,,0.0,0.8458694535646266,9.7312390362938,978.4750018684357,4.647450062459452,2.513916794575477
2019-10-28,Almetyevsk,3.847594742066034e-05,-2.4348058666145596,0.6227480704905983,8.336129584100377,975.3402207497484,5.4757355465912045,1.2002933940137135
2019-10-29,Almetyevsk,,0.0,0.7028067576121277,1.2919614327615818,989.7761514243793,0.6864071476877933,-0.621980037701996
2019-10-30,Almetyevsk,,-0.5810284257263182,0.45981226692548305,-0.6467182349218206,985.6058776457395,-1.7186161390707446,0.23304131221926513
2019-10-31,Almetyevsk,,0.0,0.8298813629004196,-2.9014096948599217,980.6014000461182,1.4542084799606116,-2.6644952569731473
2019-11-01,Almetyevsk,,0.0,0.8377648122404611,-4.900200844733547,992.4222468129731,2.5185798602172005,-0.30791378777037287
2019-11-02,Almetyevsk,,0.0,0.6279634456210986,-3.3499468074323886,996.8456855821345,2.6199288339226237,3.4409150967725597
2019-11-03,Almetyevsk,2.8262915868077187e-05,-1.6945991611182951,0.3228388360133275,-2.099035715681282,1001.3554586423,1.1276724705355656,2.584132470419219
2019-11-04,Almetyevsk,,-1.0874130525187606,0.555655092957203,-0.7249609486464692,997.1223455501611,2.623488031412994,4.493866380961104
2019-11-05,Almetyevsk,3.289315556683539e-05,-1.150460814066787,0.668993045795095,2.9478171739440313,991.4242933887803,2.7600351561133634,5.339659427001557
2019-11-06,Almetyevsk,,0.0,0.9055293074389241,6.294936895167211,986.1632211680013,2.9064589458732817,5.132059101051898
2019-11-07,Almetyevsk,,0.0,0.9250415768130041,7.598678520037197,983.6854413341872,3.9071503431753754,2.9018277145291758
2019-11-08,Almetyevsk,,0.0,0.6507986971073262,0.20956255567483595,996.1719219643652,-0.7044331361032367,-1.620969085939279
2019-11-09,Almetyevsk,,0.0,0.8650195760693938,-2.6275543332538405,1007.2316884633751,-0.32866615434604696,-1.3660237626006928
2019-11-10,Almetyevsk,,0.0,1.0,-1.5023252148602637,1008.3743408913931,1.1890447412260772,1.9857946426676751
2019-11-11,Almetyevsk,,0.0,0.8954789263332821,-0.6072928090299001,1002.4455118329934,1.1531856568649812,2.5730437237783823
2019-11-12,Almetyevsk,,0.0,0.9578701434154457,0.44880034261262836,995.3066027049331,1.6020588970946974,2.00651556676143
2019-11-13,Almetyevsk,,-2.5212325498416113,0.7953839192556016,1.4325790863227894,1001.3641264007077,2.405483437196417,-2.0008751240885414
2019-11-14,Almetyevsk,,-1.0901923622468814,0.5641025014314293,-0.39348187383802724,1011.1074523187503,-0.0678391527160285,-0.4019553528054432
2019-11-15,Almetyevsk,6.85340324828916e-05,-0.6726520063426893,0.35051374440154875,-0.9324511318629902,1012.5636426728213,2.680908729488558,2.0816459541592978
2019-11-16,Almetyevsk,4.4576933648205326e-05,-0.8510435212032311,0.07835485886891397,-0.929841953280004,1010.7726747657804,2.725723844563682,2.3479090050502918
2019-11-17,Almetyevsk,,0.0,0.8737973108339818,-0.2996093958060442,1005.5933002271028,2.6932237824905934,0.6237221707536454
2019-11-18,Almetyevsk,,0.0,,0.27580254137404836,1001.9514770352326,0.849465815950067,0.09084646380884419
2019-11-19,Almetyevsk,,0.0,0.7787461783212398,-8.609569802156557,1009.7814750150491,-2.9729382206652355,-2.5199353256679062
2019-11-20,Almetyevsk,2.6074257362075226e-05,-1.0149777917028575,0.49120311255702415,-16.633946108597684,1021.9656260923958,-1.5426336307723831,-1.9348780389421891
2019-11-21,Almetyevsk,7.084822873040153e-05,-1.0222624786188736,0.0038714831035122133,-13.696637371194583,1022.3508120173541,1.8379629361402867,-0.8744120361510067
2019-11-22,Almetyevsk,6.126680879622283e-05,-1.0354699198021566,0.00962956766841018,-9.174745513166329,1016.645535519182,1.9988774269161362,-0.9769879215859545
2019-11-23,Almetyevsk,5.1058999022214426e-05,-1.1440519358907635,0.00536846586834881,-9.127528181305706,1012.0053415927522,2.1374100642100853,-1.2515786614721949
2019-11-24,Almetyevsk,0.00011116935523215689,-1.5273753843536293,0.006354184252435149,-7.127395676335709,1011.2072451853687,1.3159735908694625,-0.8893732924813691
2019-11-25,Almetyevsk,,-0.6073067355107812,0.5459184690597625,-7.658821516471278,1008.7132508497397,1.7122645284722762,1.388767322755057
2019-11-26,Almetyevsk,,0.0,,-6.825199792353374,1004.1229928818445,2.595994045215737,1.7302851568309363
2019-11-27,Almetyevsk,,-0.39552666370488865,0.5795265080571683,-8.830253846728738,1002.5532514691228,2.045941522733031,2.8939841436265454
2019-11-28,Almetyevsk,,-0.2998876584378833,0.226984827429548,-6.474524741950688,1002.1687551638615,0.8903235696555499,3.5347363039867603
2019-11-29,Almetyevsk,2.1933485213961547e-05,-1.7065129783410629,0.125776927637571,-5.436896891539732,1001.391705636575,-0.20918722946867713,3.6257129742577137
2019-11-30,Almetyevsk,,-1.7166049184432557,0.4040939554706166,-4.54464874899611,993.4578490842677,-1.0398241225852136,3.5593041679054616
2019-12-01,Almetyevsk,,0.0,,-2.390693411881614,983.4083018858046,-0.27744190378823413,2.7312840720174734
2019-12-02,Almetyevsk,,-0.4511555217875817,0.7578994924857534,-6.664422072582397,991.1103786233773,2.771559027107501,-0.31223105429255843
2019-12-03,Almetyevsk,,0.0,,-8.157139547616794,993.921033687408,0.646558080602981,3.251326312679946
2019-12-04,Almetyevsk,,-0.750246997298751,0.27752259968742893,-8.69615000713054,985.7144304255219,0.46567321895713915,1.7005224789158802
2019-12-05,Almetyevsk,4.107861358823606e-05,-1.7905582273114637,0.3136658494323391,-5.185959480788711,983.0075529213353,1.936218889190144,2.53074271159571
2019-12-06,Almetyevsk,,0.0,,0.06961498785682352,981.2865694483568,4.65733232064556,2.9731574610652753
2019-12-07,Almetyevsk,,0.0,0.6584735358964158,-1.2557169169454028,986.8086645364015,2.9321996886879864,2.752322999755069
2019-12-08,Almetyevsk,,0.0,0.8012071066285444,-1.1712806718465458,990.7441244516043,2.21804317387734,4.330670006697717
2019-12-09,Almetyevsk,,-0.6258221535569143,0.4390787349357365,-0.5323030075681459,992.9889115232879,1.527601747969949,3.568474947895315
2019-12-10,Almetyevsk,9.460876026423648e-05,-1.7594222707562406,0.5018238744742843,-1.4462126634827541,994.6127112319697,1.6635684266501631,2.6485527183614184
2019-12-11,Almetyevsk,,0.0,0.6264958381652832,-1.6793824127771586,991.5174264816743,2.435913937636298,0.9370180621706814
2019-12-12,Almetyevsk,5.679759374091644e-05,-0.6239448941469034,0.15070511248257382,-6.404387232853367,999.4431938854644,0.20949713663083744,-2.1754359025662473
2019-12-13,Almetyevsk,2.3535636031707815e-05,-0.8047790677387591,0.08748271784423425,-11.192056161085588,1001.9899254072824,1.4781482833067596,1.5286232807144993
2019-12-14,Almetyevsk,3.058244339365119e-05,-1.2068078341251367,0.009823895352246977,-11.729614102780431,1004.8328006961875,0.6620599000166132,2.2665473095148974
2019-12-15,Almetyevsk,,-0.02948110493455825,0.4458566446825746,-8.6465651898082,1003.6333349020155,-0.5713203525438176,2.6536140195347144
2019-12-16,Almetyevsk,,-1.7391838363496424,0.43385641228295124,-4.992988293203894,995.7180294186472,-0.08861020882855897,3.5855430705573714
2019-12-17,Almetyevsk,,0.0,,-2.9377160672258924,989.2145637494745,0.38005364364187816,2.306536493587727
2019-12-18,Almetyevsk,,-0.6302325339635374,0.5455992716188868,-1.5510323974436346,988.0621132505263,1.7437443317641117,0.3160715696370185
2019-12-19,Almetyevsk,,0.0,,-0.6787534043071446,975.4657576984907,1.993982513722792,3.1435565868967807
2019-12-20,Almetyevsk,,-0.9195872029094267,0.5075987853866739,-2.523700315854171,974.9975124404984,4.058733452212986,-3.3049500449854703
2019-12-21,Almetyevsk,,0.0,0.8766363770386527,-6.946300717630379,991.7750794268964,1.724309256922461,-2.574712419609215
2019-12-22,Almetyevsk,,0.0,0.5761626362800598,-8.205796786125859,998.3382741304887,0.7583918471232016,3.0658333415027914
2019-12-23,Almetyevsk,,-0.09203580888476254,0.6200673475979591,-6.7697443751432615,997.3430909168796,2.214973418105124,4.0310302821462916
2019-12-24,Almetyevsk,2.2443212509173712e-05,-0.7212421300626493,0.16370919245495627,-8.338126337652056,996.8920791047426,1.649612202256403,3.5961531819108976
2019-12-25,Almetyevsk,4.553591378346049e-05,-1.151718649902059,0.07881470701403985,-12.882787433440285,994.5234393953257,-0.7918613398719586,1.9693658790991164
2019-12-26,Almetyevsk,0.00011748350964648018,-1.6952419530685297,0.08819301811096072,-12.06883392116606,988.4479811577636,-2.0431673143271123,0.4792991453949499
2019-12-27,Almetyevsk,,0.0,,-11.479781656366129,983.5630003221536,-1.6076585668397074,-0.5169322345241165
2019-12-28,Almetyevsk,,0.0,,-10.6050488999947,989.48237609422,-0.7735876703333113,-2.037069685858842
2019-12-29,Almetyevsk,,-1.2639057616102576,0.011334552831767238,-10.971046890874732,1000.4817877769241,-1.854181131640482,-2.599702278978494
2019-12-30,Almetyevsk,4.3127387796088734e-05,-0.7967341674520828,0.2964658922708739,-14.463865500140855,994.6295548143694,0.9627347509163304,1.8325498347389049
2019-12-31,Almetyevsk,,0.0,,-4.738106340531488,969.7042655946508,3.310499186900101,3.940393202961196
